question,correct_answer,llm_answer
"Out of the given list, which Gene is associated with psoriasis and Takayasu's arteritis. Given list is: SHTN1, HLA-B,  SLC14A2,  BTBD9,  DTNB",HLA-B,"```json
{{
  ""answer"": ""HLA-B""
}}
```"
"Out of the given list, which Gene is associated with psoriasis and myelodysplastic syndrome. Given list is:  NOD2,  CHEK2, HLA-B, GCKR,  PKNOX2",HLA-B,"```json
{{
  ""answer"": ""HLA-B""
}}
```"
"Out of the given list, which Gene is associated with psoriasis and herpes zoster. Given list is:  MIF, HLA-B,  PLA2G6,  SCN1A, KITLG",HLA-B,"```json
{{
  ""answer"": ""HLA-B""
}}
```"
"Out of the given list, which Gene is associated with psoriasis and allergic rhinitis. Given list is:  ATP2B1, HLA-B,  STAT4,  TERT, FADS1",HLA-B,"```json
{{
  ""answer"": ""HLA-B""
}}
```"
"Out of the given list, which Gene is associated with psoriasis and diffuse large B-cell lymphoma. Given list is:  PTPRD, XBP1,  BRCA2,  DMRT1, HLA-B",HLA-B,Error
"Out of the given list, which Gene is associated with psoriasis and psoriatic arthritis. Given list is:  IGF2BP2,  GRAMD1B, TNRC18,  SFRP4, HLA-B",HLA-B,"```json
{
  ""answer"": ""HLA-B""
}
```"
"Out of the given list, which Gene is associated with membranous glomerulonephritis and autoimmune hepatitis. Given list is:  RBFOX1,  RORA, IL2RA,  BTC, HLA-DQA1",HLA-DQA1,"```json
{{
  ""answer"": ""HLA-DQA1""
}}
```"
"Out of the given list, which Gene is associated with membranous glomerulonephritis and immunoglobulin alpha deficiency. Given list is: HLA-DQA1,  ADH1B,  TM6SF2, TERT,  IL2RA",HLA-DQA1,"```json
{
  ""answer"": ""HLA-DQA1""
}
```"
"Out of the given list, which Gene is associated with membranous glomerulonephritis and collagenous colitis. Given list is: HLA-DQA1,  STAT4, ATXN2,  GNE,  RAD51B",HLA-DQA1,"```json
{
  ""answer"": ""HLA-DQA1""
}
```"
"Out of the given list, which Gene is associated with membranous glomerulonephritis and cutaneous lupus erythematosus. Given list is:  ZFHX3,  HLA-DQA1, EPDR1,  CRTC1, HLA-DQA1",HLA-DQA1,"```json
{{
  ""answer"": ""HLA-DQA1""
}}
```"
"Out of the given list, which Gene is associated with membranous glomerulonephritis and cervix carcinoma. Given list is:  PSCA, HLA-DQA1,  KALRN, HLA-DQA1,  HLA-DRB5",HLA-DQA1,"```json
{
  ""answer"": ""HLA-DQA1""
}
```"
"Out of the given list, which Gene is associated with periodontitis and primary angle-closure glaucoma. Given list is: EPDR1,  TYR, IL23R,  STN1,  PRNP",EPDR1,"```json
{{
  ""answer"": ""None of the genes in the list (EPDR1, TYR, IL23R, STN1, PRNP) are specifically associated with periodontitis and primary angle-closure glaucoma.""
}}
```"
"Out of the given list, which Gene is associated with Hodgkin's lymphoma and Hodgkin's lymphoma, nodular sclerosis. Given list is: SHTN1,  ERAP1, GATA3,  XBP1,  FTO",GATA3,"```json
{{
  ""answer"": ""GATA3""
}}
```"
"Out of the given list, which Gene is associated with limited scleroderma and allergic rhinitis. Given list is: TLR1, WNT4,  HLA-DPA1,  PSCA,  DTNB",TLR1,"```json
{{
  ""answer"": ""None of the listed genes are associated with limited scleroderma and allergic rhinitis.""
}}
```"
"Out of the given list, which Gene is associated with malaria and duodenal ulcer. Given list is:  TP53, ABO, HLA-DPA1,  ADGRV1,  GNE",ABO,"```json
{
  ""answer"": ""ABO""
}
```"
"Out of the given list, which Gene is associated with malaria and pancreatic carcinoma. Given list is: ABO,  HLA-DPA1,  TNRC6B,  JAK2, TERT",ABO,"```json
{
  ""answer"": ""TERT""
}
```"
"Out of the given list, which Gene is associated with focal epilepsy and epilepsy. Given list is: SCN1A,  ABCG2, DTNB,  LRMDA,  CPS1",SCN1A,"```json
{
  ""answer"": ""SCN1A""
}
```"
"Out of the given list, which Gene is associated with hypertrophic cardiomyopathy and dilated cardiomyopathy. Given list is:  ZFPM2,  HLA-B,  BRCA2, MST1, MYH7",MYH7,"{{
  ""answer"": ""MYH7""
}} 
"
"Out of the given list, which Gene is associated with inflammatory bowel disease and ankylosing spondylitis. Given list is:  HOXD3, HNF1B,  TYR, IL23R,  TRAF3IP2",IL23R,"```json
{
  ""answer"": ""IL23R""
}
```

**Explanation:**

While the provided context doesn't directly state which gene is associated with both inflammatory bowel disease and ankylosing spondylitis, we can infer the answer based on the following:

* **Similar diseases, similar genes:** The prompt states that ""similar diseases tend to have similar gene associations."" This is a strong hint. 
* **Focus on immune-related genes:** Inflammatory bowel disease and ankylosing spondylitis are both autoimmune disorders.  Therefore, the gene associated with both is likely to be involved in immune regulation. 
* **IL23R:**  Out of the listed genes, IL23R (Interleukin-23 Receptor) is a key player in immune responses and is known to be associated with both inflammatory bowel disease and ankylosing spondylitis. 

**The other genes listed are not directly associated with these specific diseases:**

* **HOXD3:**  This gene is involved in development.
* **HNF1B:**  This gene is involved in pancreatic development and function. 
* **TYR:** This gene is involved in melanin production.
* **TRAF3IP2:**  This gene plays a role in immune signaling but is not specifically linked to inflammatory bowel disease or ankylosing spondylitis in the same way as IL23R. 
"
"Out of the given list, which Gene is associated with inflammatory bowel disease and ulcerative colitis. Given list is:  GATA3,  IL10,  HOXD3, IL23R, TNFSF15",IL23R,"```json
{
  ""answer"": ""IL10, IL23R, TNFSF15""
}
```"
"Out of the given list, which Gene is associated with inflammatory bowel disease and Crohn's disease. Given list is:  TNRC6B,  ARMS2, RORA,  MORC4, IL23R",IL23R,"```json
{
  ""answer"": ""IL23R""
}
```"
"Out of the given list, which Gene is associated with interstitial lung disease and triple-receptor negative breast cancer. Given list is:  TERT,  FER, TERT,  PCDH15, PTK2B",TERT,"```json
{
  ""answer"": ""TERT""
}
```

**Explanation:**

The provided text shows that the gene **TERT** is associated with both triple-receptor negative breast cancer and lung carcinoma. While lung carcinoma is not explicitly listed as ""interstitial lung disease,"" it's a common type of lung cancer, and the text indicates that similar diseases often share gene associations. Therefore, it's reasonable to assume that **TERT** could also be linked to interstitial lung disease. 
"
"Out of the given list, which Gene is associated with interstitial lung disease and idiopathic pulmonary fibrosis. Given list is:  ATXN2, ERAP1,  RBFOX1,  NANOS1, TERT",TERT,"```json
{
  ""answer"": ""TERT""
}
```"
"Out of the given list, which Gene is associated with interstitial lung disease and myeloproliferative neoplasm. Given list is:  ZFPM2,  IL23R, TERT,  THADA, IL23R",TERT,"```json
{{
  ""answer"": ""IL23R""
}}
```"
"Out of the given list, which Gene is associated with interstitial lung disease and central nervous system cancer. Given list is:  FGFR2, TERT,  HLA-DQA1,  GTF2I, SLC14A2",TERT,"```json
{
  ""answer"": ""TERT""
}
```"
"Out of the given list, which Gene is associated with interstitial lung disease and estrogen-receptor negative breast cancer. Given list is: TERT,  CACNB2,  ERAP1, PRKAA1,  SHTN1",TERT,"```json
{
  ""answer"": ""ERAP1"" 
}
```

**Explanation:**

The question asks for the gene associated with both interstitial lung disease and estrogen-receptor negative breast cancer.  While the context doesn't provide the specific ""Provenance"" (source) of these associations, it hints at a common pattern of gene associations across related diseases. Since the question provides a limited list of genes, we can infer that the correct answer is likely to be the one with the most frequent occurrence in both disease contexts. 

**Important Note:** This approach relies on assumptions and patterns within the provided context. A more robust solution would require accessing a comprehensive database of gene-disease associations and their respective provenances. 
"
"Out of the given list, which Gene is associated with interstitial lung disease and lung adenocarcinoma. Given list is:  CHST11, SYT14, TERT,  BARD1,  USHBP1",TERT,"```json
{
  ""answer"": ""TERT""
}
```"
"Out of the given list, which Gene is associated with interstitial lung disease and lung carcinoma. Given list is:  BTN2A1,  BRCA2,  STAT3, TERT, TFAP2B",TERT,"```json
{
  ""answer"": ""TERT""
}
```"
"Out of the given list, which Gene is associated with triple-receptor negative breast cancer and interstitial lung disease. Given list is:  ADGRG6,  FGFR2,  AFAP1, TERT, YLPM1",TERT,"```json
{{
  ""answer"": ""TERT""
}}
```"
"Out of the given list, which Gene is associated with triple-receptor negative breast cancer and idiopathic pulmonary fibrosis. Given list is: CRTC1, TERT,  ATG5,  WNT10A,  ULK4",TERT,"```json
{{
  ""answer"": ""TERT""
}}
```"
"Out of the given list, which Gene is associated with triple-receptor negative breast cancer and myeloproliferative neoplasm. Given list is:  ERAP1,  SNCA, TERT,  ULK4, ADGRG6",TERT,"```json
{
  ""answer"": ""TERT""
}
```

**Explanation:**

The provided text states that ""Disease triple-receptor negative breast cancer associates Gene TERT.""  While the text doesn't explicitly mention myeloproliferative neoplasm associating with TERT, it's a known fact that TERT is associated with various cancers, including myeloproliferative neoplasms. This is because TERT encodes the catalytic subunit of telomerase, an enzyme that plays a crucial role in maintaining telomere length and preventing cellular senescence, which is often dysregulated in cancer.  

While the other genes mentioned are also associated with cancer, their connection to both triple-receptor negative breast cancer and myeloproliferative neoplasm is not as strong as TERT's.  
"
"Out of the given list, which Gene is associated with triple-receptor negative breast cancer and central nervous system cancer. Given list is:  PLG,  HLA-DQA1, IL6,  ATXN2, TERT",TERT,"```json
{{
  ""answer"": ""TERT""
}}
```"
"Out of the given list, which Gene is associated with triple-receptor negative breast cancer and estrogen-receptor negative breast cancer. Given list is: TERT,  KIT,  DGKK, ATP2B1,  IL6",TERT,"```json
{{
  ""answer"": ""TERT""
}}
```"
"Out of the given list, which Gene is associated with triple-receptor negative breast cancer and lung adenocarcinoma. Given list is: TERT,  POU5F1B,  PLG, IGF1R,  LRMDA",TERT,"```json
{
  ""answer"": ""TERT""
}
```

**Explanation:**

While all the genes listed can play a role in cancer,  **TERT (telomerase reverse transcriptase)** is specifically associated with both triple-receptor negative breast cancer and lung adenocarcinoma.  TERT is involved in maintaining telomere length, which is crucial for cell immortality and can contribute to cancer development. 

* **Triple-receptor negative breast cancer:** TERT expression is significantly elevated in this aggressive subtype of breast cancer, making it a potential therapeutic target. 
* **Lung adenocarcinoma:** Studies have shown that TERT overexpression is linked to poor prognosis in lung adenocarcinoma patients. 

The other genes in the list are not as consistently associated with these specific cancer types.  

* **POU5F1B:** Primarily linked to embryonic development.
* **PLG:**  Involved in fibrinolysis and has been linked to some cancers, but not specifically these two.
* **IGF1R:**  Important in growth and development, but its role in these cancers is less clear.
* **LRMDA:**  No strong association with these cancer types is readily available. 
"
"Out of the given list, which Gene is associated with triple-receptor negative breast cancer and lung carcinoma. Given list is:  PTPN22, C5, TERT,  FCGR2A,  FADS2",TERT,"```json
{
  ""answer"": ""TERT""
}
```
"
"Out of the given list, which Gene is associated with lung small cell carcinoma and opiate dependence. Given list is:  CFH,  CLPTM1L, TERT,  FAT3, ADGRV1",ADGRV1,"```json
{
  ""answer"": ""None of the genes in the provided list are explicitly associated with both lung small cell carcinoma and opiate dependence.""
}
```

**Explanation:**

The provided context gives us information on genes associated with different types of lung cancer, including small cell lung cancer. However, there is no mention of any gene linked specifically to both small cell lung cancer and opiate dependence. The provided list of genes (CFH, CLPTM1L, TERT, FAT3, ADGRV1) is also not related to opiate dependence. 

It's important to note that while there might be connections between genes and drug dependence, this specific association is not mentioned in the context provided.  
"
"Out of the given list, which Gene is associated with lung small cell carcinoma and cervix carcinoma. Given list is: TERT, ADGRV1,  PHGDH,  CACNA1D,  TFAP2B",ADGRV1,"```json
{{
  ""answer"": ""TERT""
}}
```"
"Out of the given list, which Gene is associated with male breast cancer and urticaria. Given list is:  BABAM1, RAD51B,  PHGDH, ABO,  TERT",RAD51B,"```json
{
  ""answer"": ""RAD51B""
}
```"
"Out of the given list, which Gene is associated with idiopathic pulmonary fibrosis and interstitial lung disease. Given list is:  COL22A1,  KIF1B, TERT,  CLPTM1L, HLA-DQA1",TERT,"```json
{{
  ""answer"": ""TERT""
}}
```"
"Out of the given list, which Gene is associated with idiopathic pulmonary fibrosis and triple-receptor negative breast cancer. Given list is:  RELN, TERT,  PLA2R1, DNMT3A,  ABO",TERT,"```json
{
  ""answer"": ""TERT""
}
```

**Explanation:**

While the provided context doesn't directly mention triple-receptor negative breast cancer, it does highlight the association of  **TERT** with both idiopathic pulmonary fibrosis and lung adenocarcinoma.  Since lung cancer and breast cancer are both respiratory system cancers, it's reasonable to infer that TERT could be a potential gene associated with both idiopathic pulmonary fibrosis and triple-receptor negative breast cancer. 

It's important to note that this inference is based on the provided text and the general principle of similar diseases having similar gene associations.  A definitive answer would require further research on the specific gene and its role in both diseases. 
"
"Out of the given list, which Gene is associated with idiopathic pulmonary fibrosis and myeloproliferative neoplasm. Given list is: STAT4,  UMOD,  ADGRV1,  UMPS, TERT",TERT,"```json
{
  ""answer"": ""TERT""
}
```

**Explanation:**

While the provided text focuses on proteins, the question asks about genes associated with **idiopathic pulmonary fibrosis** and **myeloproliferative neoplasm**. The context provides information about proteins associated with idiopathic pulmonary fibrosis, but it doesn't offer any direct links to myeloproliferative neoplasm. 

To answer the question, we need to look for genes known to be associated with both diseases. Of the options provided, **TERT** (Telomerase Reverse Transcriptase) is a strong candidate:

* **TERT and Idiopathic Pulmonary Fibrosis:**  Studies have shown that TERT expression is increased in lung fibroblasts in idiopathic pulmonary fibrosis, suggesting a role in the disease process.
* **TERT and Myeloproliferative Neoplasm:** TERT mutations have been identified in a significant proportion of myeloproliferative neoplasms, particularly in polycythemia vera. These mutations lead to increased telomerase activity, contributing to the uncontrolled cell proliferation characteristic of these cancers.

Therefore, based on this association with both diseases, **TERT** is the most likely gene to be linked to both idiopathic pulmonary fibrosis and myeloproliferative neoplasm. 
"
"Out of the given list, which Gene is associated with idiopathic pulmonary fibrosis and central nervous system cancer. Given list is: LOXL1, TERT,  KALRN,  RP1,  IL6",TERT,"```json
{
  ""answer"": ""TERT""
}
```

**Explanation:**

While I lack the context about provenance and symptoms,  I can leverage the provided gene list and the fact that similar diseases tend to have similar gene associations to provide a reasonable answer. 

* **TERT (Telomerase Reverse Transcriptase)** is known to be associated with various cancers, including lung cancer and brain tumors (central nervous system cancer). While it's not specifically linked to idiopathic pulmonary fibrosis, its connection to lung cancer makes it a potential candidate for the association with both conditions.

The other genes provided are not strongly linked to either idiopathic pulmonary fibrosis or central nervous system cancer:

* **LOXL1:**  This gene is mainly associated with connective tissue disorders, including Marfan syndrome and  Ehlers-Danlos syndrome.
* **KALRN:** This gene is connected to Kallmann syndrome, a rare genetic condition impacting puberty.
* **RP1:**  This gene is linked to retinitis pigmentosa, a group of eye disorders that cause vision loss.
* **IL6:** This gene plays a role in inflammation and is linked to various autoimmune diseases, including rheumatoid arthritis.

Therefore, **TERT** is the most likely gene associated with both idiopathic pulmonary fibrosis and central nervous system cancer from the provided list.
"
"Out of the given list, which Gene is associated with idiopathic pulmonary fibrosis and estrogen-receptor negative breast cancer. Given list is: TERT,  TNFSF15, NTM,  IGF2BP2,  STN1",TERT,"```json
{{
  ""answer"": ""TERT""
}}
```"
"Out of the given list, which Gene is associated with idiopathic pulmonary fibrosis and lung adenocarcinoma. Given list is: HLA-B,  CFH,  PSCA, TERT,  USHBP1",TERT,"```json
{
  ""answer"": ""TERT""
}
```

**Explanation:**

* **TERT (Telomerase Reverse Transcriptase)** is a gene involved in the maintenance of telomere length. Telomeres are protective caps at the ends of chromosomes. 
    * **Idiopathic Pulmonary Fibrosis (IPF):** TERT mutations are linked to an increased risk of IPF, and telomere shortening has been associated with the disease.
    * **Lung Adenocarcinoma:** TERT mutations are frequently found in lung adenocarcinoma, particularly in those with a history of smoking.  

While other genes on the list can have associations with various diseases, they are not primarily associated with both IPF and lung adenocarcinoma. 
"
"Out of the given list, which Gene is associated with idiopathic pulmonary fibrosis and lung carcinoma. Given list is: ABCG2,  SULT1B1,  ERAP1, TERT,  CHST11",TERT,"```json
{
  ""answer"": ""TERT""
}
```

**Explanation:**

The provided list contains genes associated with various cellular processes and diseases. Of the genes listed, **TERT (Telomerase Reverse Transcriptase)** is strongly associated with both idiopathic pulmonary fibrosis and lung carcinoma. 

* **TERT** is responsible for maintaining telomere length, which is crucial for cell division and lifespan.  Increased TERT activity is often observed in cancer, including lung cancer, as it allows cells to proliferate uncontrollably.
* While the exact role of TERT in idiopathic pulmonary fibrosis is still being investigated, studies suggest it may contribute to the excessive proliferation and dysfunction of lung cells in this disease.

The other genes listed are less directly linked to the two diseases:

* **ABCG2** is involved in drug transport and detoxification, and its role in these diseases is not as well-defined.
* **SULT1B1** is involved in sulfate conjugation metabolism, and its association with the diseases is not clear.
* **ERAP1** is an aminopeptidase involved in immune response, and its connection to these diseases is not prominent.
* **CHST11** is involved in chondroitin sulfate biosynthesis, and its role in these diseases is not well established.

Based on the provided information and the role of TERT, it is the most likely gene to be associated with both idiopathic pulmonary fibrosis and lung carcinoma.
"
"Out of the given list, which Gene is associated with thyroid gland papillary carcinoma and hypothyroidism. Given list is:  CLPTM1L,  MYBPC3,  FAM227B, VAV3, PRNP",VAV3,Error
"Out of the given list, which Gene is associated with thyroid gland papillary carcinoma and differentiated thyroid gland carcinoma. Given list is:  ACOXL, POU5F1B, VAV3,  PSCA,  ZFPM2",VAV3,Error
"Out of the given list, which Gene is associated with mature B-cell neoplasm and androgenic alopecia. Given list is:  HLA-DPA1,  PRKAG2, ERAP1, SLC14A2,  FER",SLC14A2,"```json
{
  ""answer"": ""HLA-DPA1""
}
```

**Explanation:**

HLA-DPA1 is a gene associated with both mature B-cell neoplasm and androgenic alopecia. While the other genes on the list may have some association with other diseases, HLA-DPA1 is the most likely candidate based on the given information. 

**Important Note:** 

This response is based on the limited information provided in the context. It's crucial to remember that gene-disease relationships are complex and can vary depending on the specific subtype of the diseases and individual genetic background.  It's always advisable to consult with a medical professional for a proper diagnosis and treatment. 
"
"Out of the given list, which Gene is associated with mature B-cell neoplasm and cocaine dependence. Given list is:  TLR1, SLC14A2,  SCN1A,  IL12RB2, PLG",SLC14A2,"```json
{{
  ""answer"": ""None of the listed genes (TLR1, SLC14A2, SCN1A, IL12RB2, PLG) are directly associated with mature B-cell neoplasm and cocaine dependence.""
}}
```

**Explanation:**

The provided context focuses on genes associated with various immunodeficiency disorders, specifically mentioning *LPP* for mature B-cell neoplasm.  None of the genes in the question list are mentioned in the context. Additionally, cocaine dependence is not related to the provided information on immunodeficiency disorders. 

While the prompt suggests that similar diseases have similar gene associations, this is a generalization, and it's crucial to rely on specific scientific evidence.  The provided context lacks any information linking the listed genes to either mature B-cell neoplasm or cocaine dependence. 
"
"Out of the given list, which Gene is associated with hepatitis B and lymphoma. Given list is:  KALRN, HLA-DQB2,  ALDH1A2, STAT4,  FBN1",HLA-DQB2,Error
